{
	"schemaVersion": 1,
	"id": "nahida-mod",
	"version": "${version}",
	"name": "Nahida Mod",
	"description": "This is an example description! Tell everyone what your mod is about!",
	"authors": [
		"Me!"
	],
	"contact": {
		"homepage": "https://fabricmc.net/",
		"sources": "https://github.com/FabricMC/fabric-example-mod"
	},
	"license": "CC0-1.0",
	"icon": "assets/nahida-mod/icon.png",
	"environment": "*",
	"entrypoints": {
		"main": [
			"nahida.mod.NahidaMod"
		],
		"client": [
			"nahida.mod.NahidaModClient"
		],
		"fabric-datagen": [
			"nahida.mod.NahidaModDataGenerator"
		]
	},
	"mixins": [
		"nahida-mod.mixins.json",
		{
			"config": "nahida-mod.client.mixins.json",
			"environment": "client"
		}
	],
	"depends": {
		"fabricloader": ">=0.15.11",
		"minecraft": "~1.21.1",
		"java": ">=21",
		"fabric-api": "*"
	},
	"suggests": {
		"another-mod": "*"
	}
}